id,Check,checkingpeer,state,time
1,1,Boromir_son_of_Denethor_II,start,2022-11-14 12:15:30
2,1,Boromir_son_of_Denethor_II,success,2022-11-14 12:50:30
3,2,Legolas_Greenleaf,start,2022-11-14 16:30:45
4,2,Legolas_Greenleaf,success,2022-11-14 17:10:05
5,3,Gandalf_the_Grey,start,2022-11-16 12:00:50
6,3,Gandalf_the_Grey,success,2022-11-16 12:40:50
7,4,Frodo_Baggins,start,2022-11-16 14:00:05
8,4,Frodo_Baggins,success,2022-11-16 14:39:17
9,5,Peregrin_Took,start,2022-11-16 18:15:32
10,5,Peregrin_Took,success,2022-11-16 18:57:14
11,6,Legolas_Greenleaf,start,2022-11-29 19:47:14
12,6,Legolas_Greenleaf,success,2022-11-29 20:27:47
13,7,Samwise_Gamgee,start,2022-12-02 20:01:47
14,7,Samwise_Gamgee,success,2022-12-16 20:51:01
15,8,Aragorn_son_of_Arathorn,start,2022-12-16 09:15:53
16,8,Aragorn_son_of_Arathorn,success,2022-12-16 10:14:16
17,9,Aragorn_son_of_Arathorn,start,2022-12-16 12:45:53
18,9,Aragorn_son_of_Arathorn,success,2022-12-16 13:14:16
19,10,Meriadoc_Brandybuck,start,2022-12-16 21:45:37
20,10,Meriadoc_Brandybuck,failure,2022-12-16 22:19:58
21,11,Legolas_Greenleaf,start,2022-12-16 22:15:52
22,11,Legolas_Greenleaf,success,2022-12-16 22:53:43
23,12,Aragorn_son_of_Arathorn,start,2022-12-19 20:00:25
24,12,Aragorn_son_of_Arathorn,success,2022-12-19 20:41:46
25,13,Gandalf_the_Grey,start,2022-12-19 21:35:56
26,13,Gandalf_the_Grey,success,2022-12-19 22:19:21
27,14,Peregrin_Took,start,2022-12-19 21:45:15
28,14,Peregrin_Took,success,2022-12-19 22:31:41
29,15,Peregrin_Took,start,2022-12-19 22:45:54
30,15,Peregrin_Took,success,2022-12-19 23:29:48
31,16,Aragorn_son_of_Arathorn,start,2022-12-19 23:00:15
32,16,Aragorn_son_of_Arathorn,success,2022-12-19 23:49:46
33,17,Meriadoc_Brandybuck,start,2022-12-27 18:30:56
34,17,Meriadoc_Brandybuck,success,2022-12-27 19:14:06
35,18,Frodo_Baggins,start,2022-12-27 19:46:46
36,18,Frodo_Baggins,success,2022-12-27 20:24:37
37,19,Boromir_son_of_Denethor_II,start,2022-12-27 21:30:56
38,19,Boromir_son_of_Denethor_II,success,2022-12-27 22:14:06
39,20,Samwise_Gamgee,start,2023-01-01 12:30:36
40,20,Samwise_Gamgee,success,2023-01-01 13:12:57
41,21,Aragorn_son_of_Arathorn,start,2023-01-01 13:46:36
42,21,Aragorn_son_of_Arathorn,success,2023-01-01 14:32:57
43,22,Samwise_Gamgee,start,2023-01-01 19:15:44
44,22,Samwise_Gamgee,success,2023-01-01 19:58:21
45,23,Boromir_son_of_Denethor_II,start,2023-01-01 21:31:55
46,23,Boromir_son_of_Denethor_II,success,2023-01-01 22:10:57
47,24,Legolas_Greenleaf,start,2023-01-01 22:30:36
48,24,Legolas_Greenleaf,success,2023-01-01 23:12:57
49,25,Aragorn_son_of_Arathorn,start,2023-01-12 01:46:36
50,25,Aragorn_son_of_Arathorn,success,2023-01-12 02:22:57
51,26,Aragorn_son_of_Arathorn,start,2023-01-12 03:47:27
52,26,Aragorn_son_of_Arathorn,success,2023-01-12 04:24:57
53,27,Legolas_Greenleaf,start,2023-01-12 16:00:54
54,27,Legolas_Greenleaf,success,2023-01-12 16:48:03
55,28,Gandalf_the_Grey,start,2023-01-12 20:31:56
56,28,Gandalf_the_Grey,success,2023-01-12 21:11:35
57,29,Boromir_son_of_Denethor_II,start,2023-01-20 02:31:55
58,29,Boromir_son_of_Denethor_II,success,2023-01-20 03:10:57
59,30,Legolas_Greenleaf,start,2023-01-20 05:15:54
60,30,Legolas_Greenleaf,success,2023-01-20 06:01:03
61,31,Frodo_Baggins,start,2023-01-20 10:00:57
62,31,Frodo_Baggins,success,2023-01-20 10:44:32
63,32,Aragorn_son_of_Arathorn,start,2023-01-20 11:46:36
64,32,Aragorn_son_of_Arathorn,success,2023-01-20 12:22:57
65,33,Aragorn_son_of_Arathorn,start,2023-02-02 02:16:06
66,33,Aragorn_son_of_Arathorn,success,2023-02-02 03:02:43
67,34,Legolas_Greenleaf,start,2023-02-02 08:02:44
68,34,Legolas_Greenleaf,success,2023-02-02 08:41:21
69,35,Gandalf_the_Grey,start,2023-02-02 09:16:09
70,35,Gandalf_the_Grey,success,2023-02-02 09:58:52
71,36,Aragorn_son_of_Arathorn,start,2023-02-02 09:46:27
72,36,Aragorn_son_of_Arathorn,success,2023-02-02 10:22:12
73,37,Boromir_son_of_Denethor_II,start,2023-02-02 17:16:25
74,37,Boromir_son_of_Denethor_II,failure,2023-02-02 18:01:17
75,38,Frodo_Baggins,start,2023-02-02 18:02:34
76,38,Frodo_Baggins,failure,2023-02-02 18:47:41
77,39,Aragorn_son_of_Arathorn,start,2023-02-02 21:47:17
78,39,Aragorn_son_of_Arathorn,success,2023-02-02 22:32:51
79,40,Legolas_Greenleaf,start,2023-02-13 06:01:44
80,40,Legolas_Greenleaf,failure,2023-02-13 06:40:21
81,41,Meriadoc_Brandybuck,start,2023-02-13 10:45:21
82,41,Meriadoc_Brandybuck,failure,2023-02-13 11:26:19
83,42,Legolas_Greenleaf,start,2023-03-08 16:01:44
84,42,Legolas_Greenleaf,success,2023-03-08 16:40:21
85,43,Aragorn_son_of_Arathorn,start,2023-03-08 18:40:21
86,44,Aragorn_son_of_Arathorn,start,2023-06-18 08:48:40.941688
87,44,Aragorn_son_of_Arathorn,success,2023-06-18 08:48:40.941688
88,45,Legolas_Greenleaf,start,2023-06-18 08:48:40.941688
89,45,Legolas_Greenleaf,success,2023-06-18 08:48:40.941688
90,46,Boromir_son_of_Denethor_II,start,2023-06-18 08:48:40.941688
91,46,Boromir_son_of_Denethor_II,success,2023-06-18 08:48:40.941688
92,47,Gandalf_the_Grey,start,2023-06-18 08:48:40.941688
93,47,Gandalf_the_Grey,success,2023-06-18 08:48:40.941688
94,48,Aragorn_son_of_Arathorn,start,2023-06-18 08:48:40.941688
95,48,Aragorn_son_of_Arathorn,success,2023-06-18 08:48:40.941688
96,49,Legolas_Greenleaf,start,2023-06-18 08:48:40.941688
97,49,Legolas_Greenleaf,failure,2023-06-18 08:48:40.941688
98,50,Boromir_son_of_Denethor_II,start,2023-06-18 08:48:40.941688
99,50,Boromir_son_of_Denethor_II,success,2023-06-18 08:48:40.941688
100,51,Boromir_son_of_Denethor_II,start,2023-06-18 08:48:40.941688
101,51,Boromir_son_of_Denethor_II,success,2023-06-18 08:48:40.941688
102,52,Frodo_Baggins,start,2023-06-18 08:48:40.941688
103,52,Frodo_Baggins,success,2023-06-18 08:48:40.941688
104,53,Aragorn_son_of_Arathorn,start,2023-06-18 08:48:40.941688
105,53,Aragorn_son_of_Arathorn,success,2023-06-18 08:48:40.941688
106,54,Legolas_Greenleaf,start,2023-06-18 08:48:40.941688
107,54,Legolas_Greenleaf,success,2023-06-18 08:48:40.941688
108,55,Boromir_son_of_Denethor_II,start,2023-06-18 08:48:40.941688
109,55,Boromir_son_of_Denethor_II,success,2023-06-18 08:48:40.941688
110,56,Boromir_son_of_Denethor_II,start,2023-06-18 08:48:40.941688
111,56,Boromir_son_of_Denethor_II,success,2023-06-18 08:48:40.941688
112,57,Aragorn_son_of_Arathorn,start,2023-06-18 08:48:40.941688
113,57,Aragorn_son_of_Arathorn,success,2023-06-18 08:48:40.941688
114,58,Legolas_Greenleaf,start,2023-06-18 08:48:40.941688
115,58,Legolas_Greenleaf,success,2023-06-18 08:48:40.941688
116,59,Boromir_son_of_Denethor_II,start,2023-06-18 08:48:40.941688
117,59,Boromir_son_of_Denethor_II,success,2023-06-18 08:48:40.941688
118,60,Boromir_son_of_Denethor_II,start,2023-06-18 08:48:40.941688
119,61,Legolas_Greenleaf,start,2023-06-18 08:48:40.941688
120,61,Legolas_Greenleaf,success,2023-06-18 08:48:40.941688
121,62,Gandalf_the_Grey,start,2023-06-18 08:48:40.941688
122,62,Gandalf_the_Grey,success,2023-06-18 08:48:40.941688
123,63,Gandalf_the_Grey,start,2023-06-18 08:48:40.941688
124,63,Gandalf_the_Grey,success,2023-06-18 08:48:40.941688
125,64,Gandalf_the_Grey,start,2023-06-18 08:48:40.941688
126,64,Gandalf_the_Grey,success,2023-06-18 08:48:40.941688
127,65,Gandalf_the_Grey,start,2023-06-18 08:48:40.941688
128,65,Gandalf_the_Grey,success,2023-06-18 08:48:40.941688
129,66,Gandalf_the_Grey,start,2023-06-18 08:48:40.941688
130,66,Gandalf_the_Grey,success,2023-06-18 08:48:40.941688
131,67,Gandalf_the_Grey,start,2023-06-18 08:48:40.941688
132,67,Gandalf_the_Grey,success,2023-06-18 08:48:40.941688
133,68,Aragorn_son_of_Arathorn,start,2023-06-18 08:55:02.866565
134,68,Aragorn_son_of_Arathorn,success,2023-06-18 08:55:15.834353